{
    "rmse": 0.5662099875487892,
    "mae": 0.4340624999999999,
    "r2": 0.5094248270296927
}