{
    "rmse": 0.5676569166318685,
    "mae": 0.43562499999999993,
    "r2": 0.5069143292637368
}